id,kind,name,slug,seed_file,seed_line,image_count,first_image_url,audit_confidence,evidence_note
EX057,exercise,Lateral Lunge to Balance,lateral-lunge-to-balance,packages/exercise-library/content/seed/at-home-exercise-stretch.csv,58,5,https://imagedelivery.net/TDuhqfLDl0Fb8RGwGw6mYw/027d1e45-086f-4a48-737c-231c4879ac00/public,high,"Matches the flat local raster/SVG style: simplified segmented figure, beige background, leader-line labels/callouts."
EX061,exercise,Drop Lunge,drop-lunge,packages/exercise-library/content/seed/at-home-exercise-stretch.csv,62,4,https://imagedelivery.net/TDuhqfLDl0Fb8RGwGw6mYw/ca6bb078-dfb7-41e1-992b-d8d42c777700/public,high,"Matches the flat local raster/SVG style: simplified segmented figure, beige background, leader-line labels/callouts."
EX071,exercise,Reverse Step-Up,reverse-step-up,packages/exercise-library/content/seed/at-home-exercise-stretch.csv,72,5,https://imagedelivery.net/TDuhqfLDl0Fb8RGwGw6mYw/225d450d-44bb-44b2-df43-092ea75b9b00/public,high,"Matches the flat local raster/SVG style: simplified segmented figure, beige background, leader-line labels/callouts."
EX073,exercise,Slow Eccentric Step-Down,slow-eccentric-step-down,packages/exercise-library/content/seed/at-home-exercise-stretch.csv,74,4,https://imagedelivery.net/TDuhqfLDl0Fb8RGwGw6mYw/13f68b0b-77a6-48cf-4ab7-c239f7611e00/public,high,"Matches the flat local raster/SVG style: simplified segmented figure, beige background, leader-line labels/callouts."
EX074,exercise,Skater Step-Back,skater-step-back,packages/exercise-library/content/seed/at-home-exercise-stretch.csv,75,4,https://imagedelivery.net/TDuhqfLDl0Fb8RGwGw6mYw/d50fe9dd-933e-445b-40ea-9b4daa29d200/public,high,"Matches the flat local raster/SVG style: simplified segmented figure, beige background, leader-line labels/callouts."
EX090,exercise,Hip Hinge Drill,hip-hinge-drill,packages/exercise-library/content/seed/at-home-exercise-stretch.csv,91,3,https://imagedelivery.net/TDuhqfLDl0Fb8RGwGw6mYw/386e66bf-3e29-49c8-ec66-ff30121b7700/public,high,"Matches the flat local raster/SVG style: simplified segmented figure, beige background, leader-line labels/callouts."
EX093,exercise,Bodyweight Good Morning,bodyweight-good-morning,packages/exercise-library/content/seed/at-home-exercise-stretch.csv,94,3,https://imagedelivery.net/TDuhqfLDl0Fb8RGwGw6mYw/587eb1bd-c15e-4b6e-14dc-aff5bdaa4000/public,medium,"Likely same flat/vector family, but less visually definitive than the EX534 example; review before deletion."
EX098,exercise,Single-Leg Romanian Deadlift,single-leg-romanian-deadlift,packages/exercise-library/content/seed/at-home-exercise-stretch.csv,99,4,https://imagedelivery.net/TDuhqfLDl0Fb8RGwGw6mYw/ef09a959-dc3c-46f3-013b-fb22ec726a00/public,high,"Matches the flat local raster/SVG style: simplified segmented figure, beige background, leader-line labels/callouts."
EX136,exercise,Reverse Clamshell,reverse-clamshell,packages/exercise-library/content/seed/at-home-exercise-stretch.csv,137,2,https://imagedelivery.net/TDuhqfLDl0Fb8RGwGw6mYw/e6ba18aa-66ab-4d87-bb51-08a3515dba00/public,high,"Matches the flat local raster/SVG style: simplified segmented figure, beige background, leader-line labels/callouts."
EX293,exercise,Quadruped Shoulder Tap,quadruped-shoulder-tap,packages/exercise-library/content/seed/at-home-exercise-stretch.csv,294,3,https://imagedelivery.net/TDuhqfLDl0Fb8RGwGw6mYw/d098839d-7eb0-4c6f-7d3c-a36c0c528700/public,high,"Matches the flat local raster/SVG style: simplified segmented figure, beige background, leader-line labels/callouts."
EX301,exercise,Plank with Alternating Leg Lift,plank-with-alternating-leg-lift,packages/exercise-library/content/seed/at-home-exercise-stretch.csv,302,4,https://imagedelivery.net/TDuhqfLDl0Fb8RGwGw6mYw/2889f184-c3e8-4cb9-d933-a84d38957a00/public,high,"Matches the flat local raster/SVG style: simplified segmented figure, beige background, leader-line labels/callouts."
EX303,exercise,Plank Shoulder Tap,plank-shoulder-tap,packages/exercise-library/content/seed/at-home-exercise-stretch.csv,304,4,https://imagedelivery.net/TDuhqfLDl0Fb8RGwGw6mYw/65a1e05d-cd0a-4c46-cd79-8c8331497b00/public,high,"Matches the flat local raster/SVG style: simplified segmented figure, beige background, leader-line labels/callouts."
EX311,exercise,Side Plank Reach-Through,side-plank-reach-through,packages/exercise-library/content/seed/at-home-exercise-stretch.csv,312,3,https://imagedelivery.net/TDuhqfLDl0Fb8RGwGw6mYw/b83f2902-5bce-4fe7-2025-7833584d8b00/public,high,"Matches the flat local raster/SVG style: simplified segmented figure, beige background, leader-line labels/callouts."
EX321,exercise,Crunch,crunch,packages/exercise-library/content/seed/at-home-exercise-stretch.csv,322,3,https://imagedelivery.net/TDuhqfLDl0Fb8RGwGw6mYw/7e417918-ec19-44a1-f237-0017f0180f00/public,medium,"Likely same flat/vector family, but less visually definitive than the EX534 example; review before deletion."
EX324,exercise,Cross-Body Crunch,cross-body-crunch,packages/exercise-library/content/seed/at-home-exercise-stretch.csv,325,4,https://imagedelivery.net/TDuhqfLDl0Fb8RGwGw6mYw/d888e509-3cbc-4cf9-54f9-6441eca83000/public,high,"Matches the flat local raster/SVG style: simplified segmented figure, beige background, leader-line labels/callouts."
EX326,exercise,Heel Tap Crunch,heel-tap-crunch,packages/exercise-library/content/seed/at-home-exercise-stretch.csv,327,3,https://imagedelivery.net/TDuhqfLDl0Fb8RGwGw6mYw/87f75b73-761c-4087-a24c-ca7cd45d5000/public,high,"Matches the flat local raster/SVG style: simplified segmented figure, beige background, leader-line labels/callouts."
EX327,exercise,Toe Touch Crunch,toe-touch-crunch,packages/exercise-library/content/seed/at-home-exercise-stretch.csv,328,2,https://imagedelivery.net/TDuhqfLDl0Fb8RGwGw6mYw/6617ff5d-7b45-4d90-6004-18a891405d00/public,high,"Matches the flat local raster/SVG style: simplified segmented figure, beige background, leader-line labels/callouts."
EX332,exercise,Flutter Kick,flutter-kick,packages/exercise-library/content/seed/at-home-exercise-stretch.csv,333,4,https://imagedelivery.net/TDuhqfLDl0Fb8RGwGw6mYw/a5e2f113-2b99-44e2-615d-8556cf55fc00/public,high,"Matches the flat local raster/SVG style: simplified segmented figure, beige background, leader-line labels/callouts."
EX333,exercise,Scissor Kick,scissor-kick,packages/exercise-library/content/seed/at-home-exercise-stretch.csv,334,3,https://imagedelivery.net/TDuhqfLDl0Fb8RGwGw6mYw/ec4cf7ef-d284-48a9-1cbb-caa184ae0d00/public,medium,"Likely same flat/vector family, but less visually definitive than the EX534 example; review before deletion."
EX334,exercise,Seated Knee Tuck,seated-knee-tuck,packages/exercise-library/content/seed/at-home-exercise-stretch.csv,335,3,https://imagedelivery.net/TDuhqfLDl0Fb8RGwGw6mYw/3cc37fdd-eb7c-4761-c656-52c0eca24000/public,medium,"Likely same flat/vector family, but less visually definitive than the EX534 example; review before deletion."
EX345,exercise,Mountain Climber,mountain-climber,packages/exercise-library/content/seed/at-home-exercise-stretch.csv,346,3,https://imagedelivery.net/TDuhqfLDl0Fb8RGwGw6mYw/7f796506-0a71-4a43-1db6-b85f12b06d00/public,high,"Matches the flat local raster/SVG style: simplified segmented figure, beige background, leader-line labels/callouts."
EX353,exercise,Bottle Halo,bottle-halo,packages/exercise-library/content/seed/at-home-exercise-stretch.csv,354,3,https://imagedelivery.net/TDuhqfLDl0Fb8RGwGw6mYw/3a644328-7c5b-4bfc-4e53-1ba132f2dd00/public,high,"Matches the flat local raster/SVG style: simplified segmented figure, beige background, leader-line labels/callouts."
EX390,exercise,Jab-Cross Combo,jab-cross-combo,packages/exercise-library/content/seed/at-home-exercise-stretch.csv,391,4,https://imagedelivery.net/TDuhqfLDl0Fb8RGwGw6mYw/23fa1930-0780-4d2c-9804-58c55320d700/public,high,"Matches the flat local raster/SVG style: simplified segmented figure, beige background, leader-line labels/callouts."
EX413,exercise,Broad Jump and Backpedal,broad-jump-and-backpedal,packages/exercise-library/content/seed/at-home-exercise-stretch.csv,414,4,https://imagedelivery.net/TDuhqfLDl0Fb8RGwGw6mYw/48cb21aa-1ca0-4a46-946a-504788b47700/public,high,"Matches the flat local raster/SVG style: simplified segmented figure, beige background, leader-line labels/callouts."
EX417,exercise,Mountain Climber Sprint,mountain-climber-sprint,packages/exercise-library/content/seed/at-home-exercise-stretch.csv,418,3,https://imagedelivery.net/TDuhqfLDl0Fb8RGwGw6mYw/c0790901-75b0-48d0-38ae-af393d07ca00/public,high,"Matches the flat local raster/SVG style: simplified segmented figure, beige background, leader-line labels/callouts."
EX418,exercise,Plank Ski Hop,plank-ski-hop,packages/exercise-library/content/seed/at-home-exercise-stretch.csv,419,4,https://imagedelivery.net/TDuhqfLDl0Fb8RGwGw6mYw/13ffe2e5-08bd-44d6-85eb-3a243bfdc600/public,high,"Matches the flat local raster/SVG style: simplified segmented figure, beige background, leader-line labels/callouts."
EX428,exercise,Stair March,stair-march,packages/exercise-library/content/seed/at-home-exercise-stretch.csv,429,4,https://imagedelivery.net/TDuhqfLDl0Fb8RGwGw6mYw/1e45543c-bf4c-415e-ca06-694d153c1800/public,high,"Matches the flat local raster/SVG style: simplified segmented figure, beige background, leader-line labels/callouts."
EX447,exercise,Bear Jack,bear-jack,packages/exercise-library/content/seed/at-home-exercise-stretch.csv,448,3,https://imagedelivery.net/TDuhqfLDl0Fb8RGwGw6mYw/8a6808cf-ab50-4b33-8433-fc5a0964f800/public,medium,"Likely same flat/vector family, but less visually definitive than the EX534 example; review before deletion."
EX464,exercise,Tandem Walk,tandem-walk,packages/exercise-library/content/seed/at-home-exercise-stretch.csv,465,4,https://imagedelivery.net/TDuhqfLDl0Fb8RGwGw6mYw/e3a269c1-3c53-4f1e-716b-bfd6c37f8c00/public,high,"Matches the flat local raster/SVG style: simplified segmented figure, beige background, leader-line labels/callouts."
EX469,exercise,March and Hold,march-and-hold,packages/exercise-library/content/seed/at-home-exercise-stretch.csv,470,3,https://imagedelivery.net/TDuhqfLDl0Fb8RGwGw6mYw/98e282fb-c6a3-41d4-03af-056206366700/public,high,"Matches the flat local raster/SVG style: simplified segmented figure, beige background, leader-line labels/callouts."
EX470,exercise,Knee Drive Hold,knee-drive-hold,packages/exercise-library/content/seed/at-home-exercise-stretch.csv,471,3,https://imagedelivery.net/TDuhqfLDl0Fb8RGwGw6mYw/4bd87e37-2be9-4428-906e-9371ca332200/public,high,"Matches the flat local raster/SVG style: simplified segmented figure, beige background, leader-line labels/callouts."
EX472,exercise,Toe Tap to Stair,toe-tap-to-stair,packages/exercise-library/content/seed/at-home-exercise-stretch.csv,473,4,https://imagedelivery.net/TDuhqfLDl0Fb8RGwGw6mYw/45f00d98-1dc5-4f85-44b2-01a9b90a7900/public,high,"Matches the flat local raster/SVG style: simplified segmented figure, beige background, leader-line labels/callouts."
EX493,exercise,Tall-Kneeling Balance Hold,tall-kneeling-balance-hold,packages/exercise-library/content/seed/at-home-exercise-stretch.csv,494,3,https://imagedelivery.net/TDuhqfLDl0Fb8RGwGw6mYw/e7c6f8d5-2ef2-4ba0-e9d7-5e3564b5e300/public,high,"Matches the flat local raster/SVG style: simplified segmented figure, beige background, leader-line labels/callouts."
EX497,exercise,Tall-Kneeling Overhead Press,tall-kneeling-overhead-press,packages/exercise-library/content/seed/at-home-exercise-stretch.csv,498,3,https://imagedelivery.net/TDuhqfLDl0Fb8RGwGw6mYw/fe18920e-64c6-4c0c-8e71-f6ad18fa5000/public,high,"Matches the flat local raster/SVG style: simplified segmented figure, beige background, leader-line labels/callouts."
EX502,exercise,Backpack Zercher Squat,backpack-zercher-squat,packages/exercise-library/content/seed/at-home-exercise-stretch-addon-500.csv,3,4,https://imagedelivery.net/TDuhqfLDl0Fb8RGwGw6mYw/4e4b007a-e5b2-4f61-c68e-4f51c15a5f00/public,high,"Matches the flat local raster/SVG style: simplified segmented figure, beige background, leader-line labels/callouts."
EX506,exercise,Split-Stance Heel-Elevated Squat,split-stance-heel-elevated-squat,packages/exercise-library/content/seed/at-home-exercise-stretch-addon-500.csv,7,3,https://imagedelivery.net/TDuhqfLDl0Fb8RGwGw6mYw/76f3e2be-48de-4af2-309b-47ffa0713100/public,high,"Matches the flat local raster/SVG style: simplified segmented figure, beige background, leader-line labels/callouts."
EX509,exercise,Step-Up to Reverse Lunge,step-up-to-reverse-lunge,packages/exercise-library/content/seed/at-home-exercise-stretch-addon-500.csv,10,4,https://imagedelivery.net/TDuhqfLDl0Fb8RGwGw6mYw/c4f3c232-ae64-4b0e-5fb8-0c265691c400/public,high,"Matches the flat local raster/SVG style: simplified segmented figure, beige background, leader-line labels/callouts."
EX514,exercise,Doorway Assisted Squat,doorway-assisted-squat,packages/exercise-library/content/seed/at-home-exercise-stretch-addon-500.csv,15,3,https://imagedelivery.net/TDuhqfLDl0Fb8RGwGw6mYw/8c07ef4a-b871-4d52-dc88-20493334b700/public,high,"Matches the flat local raster/SVG style: simplified segmented figure, beige background, leader-line labels/callouts."
EX516,exercise,Mini-Band Squat Pulse,mini-band-squat-pulse,packages/exercise-library/content/seed/at-home-exercise-stretch-addon-500.csv,17,4,https://imagedelivery.net/TDuhqfLDl0Fb8RGwGw6mYw/bd0721f9-9328-46c5-a8db-600e41bd7500/public,high,"Matches the flat local raster/SVG style: simplified segmented figure, beige background, leader-line labels/callouts."
EX521,exercise,Wall Sit Heel Lift,wall-sit-heel-lift,packages/exercise-library/content/seed/at-home-exercise-stretch-addon-500.csv,22,3,https://imagedelivery.net/TDuhqfLDl0Fb8RGwGw6mYw/f5f8da8b-81eb-4822-5e07-ca11bf4b5b00/public,high,"Matches the flat local raster/SVG style: simplified segmented figure, beige background, leader-line labels/callouts."
EX523,exercise,Wall Sit Alternating Knee Extension,wall-sit-alternating-knee-extension,packages/exercise-library/content/seed/at-home-exercise-stretch-addon-500.csv,24,4,https://imagedelivery.net/TDuhqfLDl0Fb8RGwGw6mYw/6e089007-2d19-4520-ff88-dafb14bbab00/public,high,"Matches the flat local raster/SVG style: simplified segmented figure, beige background, leader-line labels/callouts."
EX529,exercise,Squat to Alternating Front Kick,squat-to-alternating-front-kick,packages/exercise-library/content/seed/at-home-exercise-stretch-addon-500.csv,30,4,https://imagedelivery.net/TDuhqfLDl0Fb8RGwGw6mYw/5b21cc29-b481-4d45-01c9-f442239abc00/public,high,"Matches the flat local raster/SVG style: simplified segmented figure, beige background, leader-line labels/callouts."
EX534,exercise,Half-Kneeling Step-Through,half-kneeling-step-through,packages/exercise-library/content/seed/at-home-exercise-stretch-addon-500.csv,35,3,https://imagedelivery.net/TDuhqfLDl0Fb8RGwGw6mYw/9752b8e9-c869-4d51-8c2d-3b5d218c0900/public,high,"Matches the flat local raster/SVG style: simplified segmented figure, beige background, leader-line labels/callouts."
EX543,exercise,Kickstand Romanian Deadlift,kickstand-romanian-deadlift,packages/exercise-library/content/seed/at-home-exercise-stretch-addon-500.csv,44,3,https://imagedelivery.net/TDuhqfLDl0Fb8RGwGw6mYw/90d32de2-82c3-492d-cbb6-f6e7eab3fd00/public,high,"Matches the flat local raster/SVG style: simplified segmented figure, beige background, leader-line labels/callouts."
EX545,exercise,Towel Slider Hamstring Curl,towel-slider-hamstring-curl,packages/exercise-library/content/seed/at-home-exercise-stretch-addon-500.csv,46,3,https://imagedelivery.net/TDuhqfLDl0Fb8RGwGw6mYw/1b144aac-58a3-408c-c1b2-8c8bc2c37e00/public,high,"Matches the flat local raster/SVG style: simplified segmented figure, beige background, leader-line labels/callouts."
EX547,exercise,Eccentric Towel Hamstring Curl,eccentric-towel-hamstring-curl,packages/exercise-library/content/seed/at-home-exercise-stretch-addon-500.csv,48,4,https://imagedelivery.net/TDuhqfLDl0Fb8RGwGw6mYw/60daf478-bb36-4995-91dd-122d70a87300/public,high,"Matches the flat local raster/SVG style: simplified segmented figure, beige background, leader-line labels/callouts."
EX550,exercise,Bridge with March and Hold,bridge-with-march-and-hold,packages/exercise-library/content/seed/at-home-exercise-stretch-addon-500.csv,51,4,https://imagedelivery.net/TDuhqfLDl0Fb8RGwGw6mYw/af31eaef-2404-4e26-ca90-6d0bc8e0ca00/public,high,"Matches the flat local raster/SVG style: simplified segmented figure, beige background, leader-line labels/callouts."
EX551,exercise,Elevated Bridge on Couch,elevated-bridge-on-couch,packages/exercise-library/content/seed/at-home-exercise-stretch-addon-500.csv,52,3,https://imagedelivery.net/TDuhqfLDl0Fb8RGwGw6mYw/bf5bf788-8f6f-469c-9eb7-b5a77c3f1100/public,high,"Matches the flat local raster/SVG style: simplified segmented figure, beige background, leader-line labels/callouts."
EX555,exercise,Glute Bridge Ball Squeeze,glute-bridge-ball-squeeze,packages/exercise-library/content/seed/at-home-exercise-stretch-addon-500.csv,56,3,https://imagedelivery.net/TDuhqfLDl0Fb8RGwGw6mYw/1c5a2618-2411-49c6-52f4-0dabfbec5500/public,high,"Matches the flat local raster/SVG style: simplified segmented figure, beige background, leader-line labels/callouts."
EX559,exercise,Side-Lying Hip Abduction Front-Back,side-lying-hip-abduction-front-back,packages/exercise-library/content/seed/at-home-exercise-stretch-addon-500.csv,60,3,https://imagedelivery.net/TDuhqfLDl0Fb8RGwGw6mYw/2f9aa05f-24c5-4b0f-b6a4-2a670178ef00/public,medium,"Likely same flat/vector family, but less visually definitive than the EX534 example; review before deletion."
EX566,exercise,Standing Mini-Band Side Kick,standing-mini-band-side-kick,packages/exercise-library/content/seed/at-home-exercise-stretch-addon-500.csv,67,3,https://imagedelivery.net/TDuhqfLDl0Fb8RGwGw6mYw/49f020fe-2478-48d5-ec0c-d9695d0eaa00/public,high,"Matches the flat local raster/SVG style: simplified segmented figure, beige background, leader-line labels/callouts."
EX569,exercise,Seated Banded Hip Adduction Squeeze,seated-banded-hip-adduction-squeeze,packages/exercise-library/content/seed/at-home-exercise-stretch-addon-500.csv,70,3,https://imagedelivery.net/TDuhqfLDl0Fb8RGwGw6mYw/33620b36-6154-4afa-db7e-e5c094f85100/public,high,"Matches the flat local raster/SVG style: simplified segmented figure, beige background, leader-line labels/callouts."
EX576,exercise,Incline Close-Grip Push-Up,incline-close-grip-push-up,packages/exercise-library/content/seed/at-home-exercise-stretch-addon-500.csv,77,3,https://imagedelivery.net/TDuhqfLDl0Fb8RGwGw6mYw/4e1574bf-d261-4f86-e391-4173cf38c200/public,high,"Matches the flat local raster/SVG style: simplified segmented figure, beige background, leader-line labels/callouts."
EX578,exercise,Knee Diamond Push-Up,knee-diamond-push-up,packages/exercise-library/content/seed/at-home-exercise-stretch-addon-500.csv,79,3,https://imagedelivery.net/TDuhqfLDl0Fb8RGwGw6mYw/26bf654f-0059-4735-f8a9-fa3c40ca5200/public,high,"Matches the flat local raster/SVG style: simplified segmented figure, beige background, leader-line labels/callouts."
EX579,exercise,Knee Decline Push-Up,knee-decline-push-up,packages/exercise-library/content/seed/at-home-exercise-stretch-addon-500.csv,80,3,https://imagedelivery.net/TDuhqfLDl0Fb8RGwGw6mYw/b1ef4d26-aa75-4e87-4dea-78a8bc433000/public,high,"Matches the flat local raster/SVG style: simplified segmented figure, beige background, leader-line labels/callouts."
EX589,exercise,Alternating Bottle Shoulder Press,alternating-bottle-shoulder-press,packages/exercise-library/content/seed/at-home-exercise-stretch-addon-500.csv,90,4,https://imagedelivery.net/TDuhqfLDl0Fb8RGwGw6mYw/3ca0d008-ded2-46fc-4872-d241d00d3100/public,high,"Matches the flat local raster/SVG style: simplified segmented figure, beige background, leader-line labels/callouts."
EX591,exercise,Split-Stance Bottle Press,split-stance-bottle-press,packages/exercise-library/content/seed/at-home-exercise-stretch-addon-500.csv,92,3,https://imagedelivery.net/TDuhqfLDl0Fb8RGwGw6mYw/87299577-8933-410c-f90a-d38ad1882d00/public,high,"Matches the flat local raster/SVG style: simplified segmented figure, beige background, leader-line labels/callouts."
EX592,exercise,Bottle Arnold Press,bottle-arnold-press,packages/exercise-library/content/seed/at-home-exercise-stretch-addon-500.csv,93,3,https://imagedelivery.net/TDuhqfLDl0Fb8RGwGw6mYw/28c9e91e-c417-4ca2-f85d-755a122bba00/public,high,"Matches the flat local raster/SVG style: simplified segmented figure, beige background, leader-line labels/callouts."
EX594,exercise,Bottle Scaption Raise,bottle-scaption-raise,packages/exercise-library/content/seed/at-home-exercise-stretch-addon-500.csv,95,3,https://imagedelivery.net/TDuhqfLDl0Fb8RGwGw6mYw/6469958b-3cd6-487c-933a-ff2597db8800/public,high,"Matches the flat local raster/SVG style: simplified segmented figure, beige background, leader-line labels/callouts."
EX601,exercise,Band Triceps Pressdown,band-triceps-pressdown,packages/exercise-library/content/seed/at-home-exercise-stretch-addon-500.csv,102,3,https://imagedelivery.net/TDuhqfLDl0Fb8RGwGw6mYw/a52b122e-d7b7-41cd-d2de-2294f6595000/public,high,"Matches the flat local raster/SVG style: simplified segmented figure, beige background, leader-line labels/callouts."
EX603,exercise,Band High Row,band-high-row,packages/exercise-library/content/seed/at-home-exercise-stretch-addon-500.csv,104,2,https://imagedelivery.net/TDuhqfLDl0Fb8RGwGw6mYw/efbc8124-b3be-40f6-726f-886ec8548900/public,high,"Matches the flat local raster/SVG style: simplified segmented figure, beige background, leader-line labels/callouts."
EX604,exercise,Band Low Row,band-low-row,packages/exercise-library/content/seed/at-home-exercise-stretch-addon-500.csv,105,3,https://imagedelivery.net/TDuhqfLDl0Fb8RGwGw6mYw/75c28340-2237-4c7e-b3e1-c0a2ebf79a00/public,high,"Matches the flat local raster/SVG style: simplified segmented figure, beige background, leader-line labels/callouts."
EX605,exercise,Band One-Arm High Row,band-one-arm-high-row,packages/exercise-library/content/seed/at-home-exercise-stretch-addon-500.csv,106,3,https://imagedelivery.net/TDuhqfLDl0Fb8RGwGw6mYw/f183fdc2-b01b-4ae8-df78-035578e4ae00/public,high,"Matches the flat local raster/SVG style: simplified segmented figure, beige background, leader-line labels/callouts."
EX607,exercise,Band Lat Pullover,band-lat-pullover,packages/exercise-library/content/seed/at-home-exercise-stretch-addon-500.csv,108,3,https://imagedelivery.net/TDuhqfLDl0Fb8RGwGw6mYw/2982c3dd-c400-4989-8ff9-09ee44139e00/public,high,"Matches the flat local raster/SVG style: simplified segmented figure, beige background, leader-line labels/callouts."
EX608,exercise,Kneeling Band Lat Pulldown,kneeling-band-lat-pulldown,packages/exercise-library/content/seed/at-home-exercise-stretch-addon-500.csv,109,3,https://imagedelivery.net/TDuhqfLDl0Fb8RGwGw6mYw/435323e1-a757-42d1-d1d4-37a7fe4ecc00/public,high,"Matches the flat local raster/SVG style: simplified segmented figure, beige background, leader-line labels/callouts."
EX612,exercise,Band External Rotation at 90 Degrees,band-external-rotation-at-90-degrees,packages/exercise-library/content/seed/at-home-exercise-stretch-addon-500.csv,113,3,https://imagedelivery.net/TDuhqfLDl0Fb8RGwGw6mYw/d2c2af8a-e34e-4eff-48b5-cefd460fc800/public,high,"Matches the flat local raster/SVG style: simplified segmented figure, beige background, leader-line labels/callouts."
EX613,exercise,Band Internal Rotation,band-internal-rotation,packages/exercise-library/content/seed/at-home-exercise-stretch-addon-500.csv,114,3,https://imagedelivery.net/TDuhqfLDl0Fb8RGwGw6mYw/0b2628ca-fc69-4f54-c18f-6bff73e2f700/public,high,"Matches the flat local raster/SVG style: simplified segmented figure, beige background, leader-line labels/callouts."
EX614,exercise,Band Shoulder Extension,band-shoulder-extension,packages/exercise-library/content/seed/at-home-exercise-stretch-addon-500.csv,115,2,https://imagedelivery.net/TDuhqfLDl0Fb8RGwGw6mYw/469831a8-fc04-4be8-3438-3ed43eee7400/public,high,"Matches the flat local raster/SVG style: simplified segmented figure, beige background, leader-line labels/callouts."
EX616,exercise,Band W Pull-Apart,band-w-pull-apart,packages/exercise-library/content/seed/at-home-exercise-stretch-addon-500.csv,117,3,https://imagedelivery.net/TDuhqfLDl0Fb8RGwGw6mYw/6454baa1-4e52-4d4b-7fb3-34a6e775f700/public,high,"Matches the flat local raster/SVG style: simplified segmented figure, beige background, leader-line labels/callouts."
EX617,exercise,Band Diagonal Pull-Apart,band-diagonal-pull-apart,packages/exercise-library/content/seed/at-home-exercise-stretch-addon-500.csv,118,4,https://imagedelivery.net/TDuhqfLDl0Fb8RGwGw6mYw/eb5f3848-ceaa-4ba6-fe30-b5c7ce656100/public,high,"Matches the flat local raster/SVG style: simplified segmented figure, beige background, leader-line labels/callouts."
EX619,exercise,Towel Face Pull Iso,towel-face-pull-iso,packages/exercise-library/content/seed/at-home-exercise-stretch-addon-500.csv,120,3,https://imagedelivery.net/TDuhqfLDl0Fb8RGwGw6mYw/26301d51-4779-4005-be69-0858796edf00/public,high,"Matches the flat local raster/SVG style: simplified segmented figure, beige background, leader-line labels/callouts."
EX620,exercise,Towel External Rotation Iso,towel-external-rotation-iso,packages/exercise-library/content/seed/at-home-exercise-stretch-addon-500.csv,121,3,https://imagedelivery.net/TDuhqfLDl0Fb8RGwGw6mYw/81ae7f2e-06df-4d5a-515a-6b36c3e23900/public,high,"Matches the flat local raster/SVG style: simplified segmented figure, beige background, leader-line labels/callouts."
EX622,exercise,Towel Biceps Curl Iso,towel-biceps-curl-iso,packages/exercise-library/content/seed/at-home-exercise-stretch-addon-500.csv,123,2,https://imagedelivery.net/TDuhqfLDl0Fb8RGwGw6mYw/06a098ba-1a30-40fa-60ad-c5c91cf33e00/public,high,"Matches the flat local raster/SVG style: simplified segmented figure, beige background, leader-line labels/callouts."
EX623,exercise,Towel Triceps Extension Iso,towel-triceps-extension-iso,packages/exercise-library/content/seed/at-home-exercise-stretch-addon-500.csv,124,3,https://imagedelivery.net/TDuhqfLDl0Fb8RGwGw6mYw/069ad3a9-cb18-47e1-3b89-f7bcc3edaa00/public,high,"Matches the flat local raster/SVG style: simplified segmented figure, beige background, leader-line labels/callouts."
EX624,exercise,Backpack Renegade Row from Knees,backpack-renegade-row-from-knees,packages/exercise-library/content/seed/at-home-exercise-stretch-addon-500.csv,125,3,https://imagedelivery.net/TDuhqfLDl0Fb8RGwGw6mYw/11608dc2-788b-4510-5465-dc6e979d0300/public,high,"Matches the flat local raster/SVG style: simplified segmented figure, beige background, leader-line labels/callouts."
EX625,exercise,Backpack High Pull,backpack-high-pull,packages/exercise-library/content/seed/at-home-exercise-stretch-addon-500.csv,126,3,https://imagedelivery.net/TDuhqfLDl0Fb8RGwGw6mYw/a0d9fcbc-8451-485f-a062-4515b0e65900/public,high,"Matches the flat local raster/SVG style: simplified segmented figure, beige background, leader-line labels/callouts."
EX627,exercise,Prone Y Raise with Thumbs Up,prone-y-raise-with-thumbs-up,packages/exercise-library/content/seed/at-home-exercise-stretch-addon-500.csv,128,3,https://imagedelivery.net/TDuhqfLDl0Fb8RGwGw6mYw/2896fe17-0677-40b5-455a-c2f2328ea700/public,high,"Matches the flat local raster/SVG style: simplified segmented figure, beige background, leader-line labels/callouts."
EX628,exercise,Prone External Rotation Lift,prone-external-rotation-lift,packages/exercise-library/content/seed/at-home-exercise-stretch-addon-500.csv,129,3,https://imagedelivery.net/TDuhqfLDl0Fb8RGwGw6mYw/c22cc8c3-328d-49fa-cdc7-756d5949a200/public,high,"Matches the flat local raster/SVG style: simplified segmented figure, beige background, leader-line labels/callouts."
EX629,exercise,Prone W to Y Raise,prone-w-to-y-raise,packages/exercise-library/content/seed/at-home-exercise-stretch-addon-500.csv,130,3,https://imagedelivery.net/TDuhqfLDl0Fb8RGwGw6mYw/246e82bb-b802-40f2-2b8b-995c648dcc00/public,high,"Matches the flat local raster/SVG style: simplified segmented figure, beige background, leader-line labels/callouts."
EX630,exercise,Prone Swimmer with Pause,prone-swimmer-with-pause,packages/exercise-library/content/seed/at-home-exercise-stretch-addon-500.csv,131,4,https://imagedelivery.net/TDuhqfLDl0Fb8RGwGw6mYw/8fac0841-c31a-4cf7-6ba9-b71887015100/public,high,"Matches the flat local raster/SVG style: simplified segmented figure, beige background, leader-line labels/callouts."
EX631,exercise,Wall Slide with Lift-Off,wall-slide-with-lift-off,packages/exercise-library/content/seed/at-home-exercise-stretch-addon-500.csv,132,3,https://imagedelivery.net/TDuhqfLDl0Fb8RGwGw6mYw/c0bff189-1783-4e5b-7999-d61118a00400/public,high,"Matches the flat local raster/SVG style: simplified segmented figure, beige background, leader-line labels/callouts."
EX632,exercise,Wall Angel with Chin Tuck,wall-angel-with-chin-tuck,packages/exercise-library/content/seed/at-home-exercise-stretch-addon-500.csv,133,3,https://imagedelivery.net/TDuhqfLDl0Fb8RGwGw6mYw/523101fe-c1e1-4b4b-1bd4-50561c2db600/public,high,"Matches the flat local raster/SVG style: simplified segmented figure, beige background, leader-line labels/callouts."
EX633,exercise,Wall Serratus Slide,wall-serratus-slide,packages/exercise-library/content/seed/at-home-exercise-stretch-addon-500.csv,134,3,https://imagedelivery.net/TDuhqfLDl0Fb8RGwGw6mYw/2cbc620b-6aae-4db6-88d5-b9dc13b95a00/public,high,"Matches the flat local raster/SVG style: simplified segmented figure, beige background, leader-line labels/callouts."
EX634,exercise,Floor Serratus Punch,floor-serratus-punch,packages/exercise-library/content/seed/at-home-exercise-stretch-addon-500.csv,135,2,https://imagedelivery.net/TDuhqfLDl0Fb8RGwGw6mYw/2bf4a3ec-0813-428b-5466-67aec8b34300/public,high,"Matches the flat local raster/SVG style: simplified segmented figure, beige background, leader-line labels/callouts."
EX635,exercise,Quadruped Scapular Circle,quadruped-scapular-circle,packages/exercise-library/content/seed/at-home-exercise-stretch-addon-500.csv,136,3,https://imagedelivery.net/TDuhqfLDl0Fb8RGwGw6mYw/12a00ab5-dec8-4f3f-c673-dbe782aac200/public,high,"Matches the flat local raster/SVG style: simplified segmented figure, beige background, leader-line labels/callouts."
EX636,exercise,Standing Band Posture Row,standing-band-posture-row,packages/exercise-library/content/seed/at-home-exercise-stretch-addon-500.csv,137,3,https://imagedelivery.net/TDuhqfLDl0Fb8RGwGw6mYw/35d7f71d-3c1e-4a76-698d-f95ef45d8100/public,high,"Matches the flat local raster/SVG style: simplified segmented figure, beige background, leader-line labels/callouts."
EX637,exercise,Chair-Supported Reverse Fly,chair-supported-reverse-fly,packages/exercise-library/content/seed/at-home-exercise-stretch-addon-500.csv,138,3,https://imagedelivery.net/TDuhqfLDl0Fb8RGwGw6mYw/4d3e4931-8aa3-4536-b4a0-c94aa9b28d00/public,high,"Matches the flat local raster/SVG style: simplified segmented figure, beige background, leader-line labels/callouts."
EX638,exercise,Dead Bug with Mini-Band Pulldown,dead-bug-with-mini-band-pulldown,packages/exercise-library/content/seed/at-home-exercise-stretch-addon-500.csv,139,4,https://imagedelivery.net/TDuhqfLDl0Fb8RGwGw6mYw/fd9358f1-a881-4668-378e-334d12395400/public,high,"Matches the flat local raster/SVG style: simplified segmented figure, beige background, leader-line labels/callouts."
EX639,exercise,Dead Bug with Heel Press into Wall,dead-bug-with-heel-press-into-wall,packages/exercise-library/content/seed/at-home-exercise-stretch-addon-500.csv,140,4,https://imagedelivery.net/TDuhqfLDl0Fb8RGwGw6mYw/f2d91a05-f542-4b30-6541-5b7fa6d22700/public,high,"Matches the flat local raster/SVG style: simplified segmented figure, beige background, leader-line labels/callouts."
EX640,exercise,Dead Bug Alternating Overhead Reach,dead-bug-alternating-overhead-reach,packages/exercise-library/content/seed/at-home-exercise-stretch-addon-500.csv,141,4,https://imagedelivery.net/TDuhqfLDl0Fb8RGwGw6mYw/92b65d87-ff3d-4301-74d5-2ac55443b800/public,high,"Matches the flat local raster/SVG style: simplified segmented figure, beige background, leader-line labels/callouts."
EX641,exercise,Dead Bug with Band Row,dead-bug-with-band-row,packages/exercise-library/content/seed/at-home-exercise-stretch-addon-500.csv,142,4,https://imagedelivery.net/TDuhqfLDl0Fb8RGwGw6mYw/38990286-df0c-4d04-3ed8-4ddd0ed80900/public,high,"Matches the flat local raster/SVG style: simplified segmented figure, beige background, leader-line labels/callouts."
EX642,exercise,Supine March with Core Brace,supine-march-with-core-brace,packages/exercise-library/content/seed/at-home-exercise-stretch-addon-500.csv,143,4,https://imagedelivery.net/TDuhqfLDl0Fb8RGwGw6mYw/10d07c5a-0b64-4cac-6341-fc887c524b00/public,high,"Matches the flat local raster/SVG style: simplified segmented figure, beige background, leader-line labels/callouts."
ST004,stretch,Neck Side Bend Stretch,stretch-neck-side-bend-stretch,packages/exercise-library/content/seed/at-home-exercise-stretch.csv,505,4,https://imagedelivery.net/TDuhqfLDl0Fb8RGwGw6mYw/893b76f1-81e7-47e3-75b7-786a269f8c00/public,high,"Matches the flat local raster/SVG style: simplified segmented figure, beige background, leader-line labels/callouts."
ST008,stretch,Chin Tuck,stretch-chin-tuck,packages/exercise-library/content/seed/at-home-exercise-stretch.csv,509,3,https://imagedelivery.net/TDuhqfLDl0Fb8RGwGw6mYw/4318d72c-6ab5-4992-21d7-a8ced5339000/public,high,"Matches the flat local raster/SVG style: simplified segmented figure, beige background, leader-line labels/callouts."
ST016,stretch,Half Neck Circle,stretch-half-neck-circle,packages/exercise-library/content/seed/at-home-exercise-stretch.csv,517,4,https://imagedelivery.net/TDuhqfLDl0Fb8RGwGw6mYw/19f8125a-bd0a-48f4-b3c8-dea34e0ddd00/public,high,"Matches the flat local raster/SVG style: simplified segmented figure, beige background, leader-line labels/callouts."
ST019,stretch,Neck Stretch with Chair Hold,stretch-neck-stretch-with-chair-hold,packages/exercise-library/content/seed/at-home-exercise-stretch.csv,520,4,https://imagedelivery.net/TDuhqfLDl0Fb8RGwGw6mYw/82bac7cf-a24c-46f4-a0d5-bd1662af3600/public,high,"Matches the flat local raster/SVG style: simplified segmented figure, beige background, leader-line labels/callouts."
ST025,stretch,Shoulder Drop Neck Stretch,stretch-shoulder-drop-neck-stretch,packages/exercise-library/content/seed/at-home-exercise-stretch.csv,526,3,https://imagedelivery.net/TDuhqfLDl0Fb8RGwGw6mYw/e0d5534a-66cd-48da-ca39-4ecac5ce0500/public,low,Borderline flat/vector row caught during visual audit; review manually before deleting.
ST033,stretch,Supported Head Nod on Pillow,stretch-supported-head-nod-on-pillow,packages/exercise-library/content/seed/at-home-exercise-stretch.csv,534,3,https://imagedelivery.net/TDuhqfLDl0Fb8RGwGw6mYw/7ae901ea-972b-44ae-86db-034e211fd800/public,medium,"Likely same flat/vector family, but less visually definitive than the EX534 example; review before deletion."
ST037,stretch,Neck Rotation Hold,stretch-neck-rotation-hold,packages/exercise-library/content/seed/at-home-exercise-stretch.csv,538,4,https://imagedelivery.net/TDuhqfLDl0Fb8RGwGw6mYw/9375341e-6f4b-48d3-f8f8-c399b9848500/public,high,"Matches the flat local raster/SVG style: simplified segmented figure, beige background, leader-line labels/callouts."
ST073,stretch,Tabletop Shoulder Stretch,stretch-tabletop-shoulder-stretch,packages/exercise-library/content/seed/at-home-exercise-stretch.csv,574,3,https://imagedelivery.net/TDuhqfLDl0Fb8RGwGw6mYw/0c6224c2-13d0-42d5-13d8-e4f462c01800/public,high,"Matches the flat local raster/SVG style: simplified segmented figure, beige background, leader-line labels/callouts."
ST090,stretch,Seated Overhead Side Reach,stretch-seated-overhead-side-reach,packages/exercise-library/content/seed/at-home-exercise-stretch.csv,591,4,https://imagedelivery.net/TDuhqfLDl0Fb8RGwGw6mYw/cadb7506-901d-45af-72d7-f238a8480f00/public,high,"Matches the flat local raster/SVG style: simplified segmented figure, beige background, leader-line labels/callouts."
ST121,stretch,Tabletop Wrist Flexion Stretch,stretch-tabletop-wrist-flexion-stretch,packages/exercise-library/content/seed/at-home-exercise-stretch.csv,622,4,https://imagedelivery.net/TDuhqfLDl0Fb8RGwGw6mYw/c1edc785-094a-40cf-7af4-6d04edba0d00/public,high,"Matches the flat local raster/SVG style: simplified segmented figure, beige background, leader-line labels/callouts."
ST131,stretch,Overhead Triceps with Side Bend,stretch-overhead-triceps-with-side-bend,packages/exercise-library/content/seed/at-home-exercise-stretch.csv,632,4,https://imagedelivery.net/TDuhqfLDl0Fb8RGwGw6mYw/9891f7dd-deb9-45dd-245f-826280d78c00/public,high,"Matches the flat local raster/SVG style: simplified segmented figure, beige background, leader-line labels/callouts."
ST135,stretch,Piano Finger Taps,stretch-piano-finger-taps,packages/exercise-library/content/seed/at-home-exercise-stretch.csv,636,5,https://imagedelivery.net/TDuhqfLDl0Fb8RGwGw6mYw/e73d6980-dc44-4c79-4735-2529af7ce100/public,high,"Matches the flat local raster/SVG style: simplified segmented figure, beige background, leader-line labels/callouts."
ST144,stretch,Elbow CAR,stretch-elbow-car,packages/exercise-library/content/seed/at-home-exercise-stretch.csv,645,4,https://imagedelivery.net/TDuhqfLDl0Fb8RGwGw6mYw/362bd262-6c06-4956-d989-c23763b39000/public,high,"Matches the flat local raster/SVG style: simplified segmented figure, beige background, leader-line labels/callouts."
ST156,stretch,Wrist Deviation Mobility,stretch-wrist-deviation-mobility,packages/exercise-library/content/seed/at-home-exercise-stretch.csv,657,3,https://imagedelivery.net/TDuhqfLDl0Fb8RGwGw6mYw/46db7dff-2a7e-4c67-f283-8d947cb71c00/public,high,"Matches the flat local raster/SVG style: simplified segmented figure, beige background, leader-line labels/callouts."
ST159,stretch,Seated Biceps Floor Stretch,stretch-seated-biceps-floor-stretch,packages/exercise-library/content/seed/at-home-exercise-stretch.csv,660,3,https://imagedelivery.net/TDuhqfLDl0Fb8RGwGw6mYw/7728bac2-948b-49a1-23c8-5953c187f100/public,high,"Matches the flat local raster/SVG style: simplified segmented figure, beige background, leader-line labels/callouts."
ST170,stretch,Cat-Cow,stretch-cat-cow,packages/exercise-library/content/seed/at-home-exercise-stretch.csv,671,4,https://imagedelivery.net/TDuhqfLDl0Fb8RGwGw6mYw/889a5f43-1d35-4eae-a98e-7ae69e96a800/public,medium,"Likely same flat/vector family, but less visually definitive than the EX534 example; review before deletion."
ST172,stretch,Standing Cat-Cow,stretch-standing-cat-cow,packages/exercise-library/content/seed/at-home-exercise-stretch.csv,673,3,https://imagedelivery.net/TDuhqfLDl0Fb8RGwGw6mYw/96da509f-a10b-4a84-861c-e28b7b6ae000/public,high,"Matches the flat local raster/SVG style: simplified segmented figure, beige background, leader-line labels/callouts."
ST182,stretch,Chair Spinal Twist,stretch-chair-spinal-twist,packages/exercise-library/content/seed/at-home-exercise-stretch.csv,683,3,https://imagedelivery.net/TDuhqfLDl0Fb8RGwGw6mYw/9fe709b0-5e41-4a40-8e92-7bb880b4c900/public,high,"Matches the flat local raster/SVG style: simplified segmented figure, beige background, leader-line labels/callouts."
ST190,stretch,Sphinx Pose,stretch-sphinx-pose,packages/exercise-library/content/seed/at-home-exercise-stretch.csv,691,3,https://imagedelivery.net/TDuhqfLDl0Fb8RGwGw6mYw/fe0b06d3-50cc-4991-4127-195af8e9d800/public,low,Borderline flat/vector row caught during visual audit; review manually before deleting.
ST192,stretch,Baby Cobra,stretch-baby-cobra,packages/exercise-library/content/seed/at-home-exercise-stretch.csv,693,3,https://imagedelivery.net/TDuhqfLDl0Fb8RGwGw6mYw/a92e30fa-d724-4faa-014b-6ff381ce4c00/public,low,Borderline flat/vector row caught during visual audit; review manually before deleting.
ST203,stretch,Tabletop Back Stretch,stretch-tabletop-back-stretch,packages/exercise-library/content/seed/at-home-exercise-stretch.csv,704,3,https://imagedelivery.net/TDuhqfLDl0Fb8RGwGw6mYw/cb22d7d5-ace3-4039-140d-478fce518900/public,high,"Matches the flat local raster/SVG style: simplified segmented figure, beige background, leader-line labels/callouts."
ST208,stretch,Tail Wag,stretch-tail-wag,packages/exercise-library/content/seed/at-home-exercise-stretch.csv,709,3,https://imagedelivery.net/TDuhqfLDl0Fb8RGwGw6mYw/6b678a89-40a5-4d18-c37b-8a53c4a89000/public,high,"Matches the flat local raster/SVG style: simplified segmented figure, beige background, leader-line labels/callouts."
ST215,stretch,Half-Kneeling Side Bend,stretch-half-kneeling-side-bend,packages/exercise-library/content/seed/at-home-exercise-stretch.csv,716,4,https://imagedelivery.net/TDuhqfLDl0Fb8RGwGw6mYw/d712d550-f796-494e-4835-7dfcde973100/public,high,"Matches the flat local raster/SVG style: simplified segmented figure, beige background, leader-line labels/callouts."
ST217,stretch,Seated Windmill,stretch-seated-windmill,packages/exercise-library/content/seed/at-home-exercise-stretch.csv,718,4,https://imagedelivery.net/TDuhqfLDl0Fb8RGwGw6mYw/af1efdc7-8820-48de-fe10-0b58d4611700/public,high,"Matches the flat local raster/SVG style: simplified segmented figure, beige background, leader-line labels/callouts."
ST242,stretch,Half-Kneeling Hip Flexor Stretch,stretch-half-kneeling-hip-flexor-stretch,packages/exercise-library/content/seed/at-home-exercise-stretch.csv,743,4,https://imagedelivery.net/TDuhqfLDl0Fb8RGwGw6mYw/c1822ebd-925e-413f-54e4-effa43579e00/public,high,"Matches the flat local raster/SVG style: simplified segmented figure, beige background, leader-line labels/callouts."
ST247,stretch,Lizard Stretch,stretch-lizard-stretch,packages/exercise-library/content/seed/at-home-exercise-stretch.csv,748,4,https://imagedelivery.net/TDuhqfLDl0Fb8RGwGw6mYw/28c040f0-6b77-4842-79a7-15f7a2086a00/public,high,"Matches the flat local raster/SVG style: simplified segmented figure, beige background, leader-line labels/callouts."
ST250,stretch,Figure-Four Stretch,stretch-figure-four-stretch,packages/exercise-library/content/seed/at-home-exercise-stretch.csv,751,4,https://imagedelivery.net/TDuhqfLDl0Fb8RGwGw6mYw/051830c7-ffe1-4a41-a45a-d129842db300/public,high,"Matches the flat local raster/SVG style: simplified segmented figure, beige background, leader-line labels/callouts."
ST260,stretch,Half Frog Stretch,stretch-half-frog-stretch,packages/exercise-library/content/seed/at-home-exercise-stretch.csv,761,4,https://imagedelivery.net/TDuhqfLDl0Fb8RGwGw6mYw/7f506582-638c-445c-e948-7482a4178800/public,high,"Matches the flat local raster/SVG style: simplified segmented figure, beige background, leader-line labels/callouts."
ST270,stretch,Cossack Stretch,stretch-cossack-stretch,packages/exercise-library/content/seed/at-home-exercise-stretch.csv,771,3,https://imagedelivery.net/TDuhqfLDl0Fb8RGwGw6mYw/b4302953-6421-4318-e7b5-2cdfc5852600/public,medium,"Likely same flat/vector family, but less visually definitive than the EX534 example; review before deletion."
ST288,stretch,Leg Swings Side-to-Side,stretch-leg-swings-side-to-side,packages/exercise-library/content/seed/at-home-exercise-stretch.csv,789,5,https://imagedelivery.net/TDuhqfLDl0Fb8RGwGw6mYw/945d3c18-4980-4cdc-7cb4-c562296aa400/public,medium,"Likely same flat/vector family, but less visually definitive than the EX534 example; review before deletion."
ST296,stretch,Hip Flexor Stretch with Posterior Tilt,stretch-hip-flexor-stretch-with-posterior-tilt,packages/exercise-library/content/seed/at-home-exercise-stretch.csv,797,4,https://imagedelivery.net/TDuhqfLDl0Fb8RGwGw6mYw/7812ee84-5069-431c-e707-6606b1c22c00/public,high,"Matches the flat local raster/SVG style: simplified segmented figure, beige background, leader-line labels/callouts."
ST305,stretch,Standing IT Band Wall Stretch,stretch-standing-it-band-wall-stretch,packages/exercise-library/content/seed/at-home-exercise-stretch.csv,806,4,https://imagedelivery.net/TDuhqfLDl0Fb8RGwGw6mYw/09f771e4-c1f8-4453-85ad-1af0b4090800/public,high,"Matches the flat local raster/SVG style: simplified segmented figure, beige background, leader-line labels/callouts."
ST310,stretch,Chair Pigeon Stretch,stretch-chair-pigeon-stretch,packages/exercise-library/content/seed/at-home-exercise-stretch.csv,811,4,https://imagedelivery.net/TDuhqfLDl0Fb8RGwGw6mYw/645f9c74-03fa-4600-1c4d-d062f9c3f300/public,high,"Matches the flat local raster/SVG style: simplified segmented figure, beige background, leader-line labels/callouts."
ST312,stretch,Supine Hip Internal Rotation,stretch-supine-hip-internal-rotation,packages/exercise-library/content/seed/at-home-exercise-stretch.csv,813,4,https://imagedelivery.net/TDuhqfLDl0Fb8RGwGw6mYw/f0c1c861-ad4e-4690-2113-01ad69db4800/public,high,"Matches the flat local raster/SVG style: simplified segmented figure, beige background, leader-line labels/callouts."
ST329,stretch,Seated Hamstring Stretch,stretch-seated-hamstring-stretch,packages/exercise-library/content/seed/at-home-exercise-stretch.csv,830,4,https://imagedelivery.net/TDuhqfLDl0Fb8RGwGw6mYw/24896889-359c-4186-d4b2-b7cf394ab200/public,high,"Matches the flat local raster/SVG style: simplified segmented figure, beige background, leader-line labels/callouts."
ST342,stretch,Rag Doll Hamstring Stretch,stretch-rag-doll-hamstring-stretch,packages/exercise-library/content/seed/at-home-exercise-stretch.csv,843,3,https://imagedelivery.net/TDuhqfLDl0Fb8RGwGw6mYw/ef42e995-5a82-4f29-e804-3240ec2b3f00/public,high,"Matches the flat local raster/SVG style: simplified segmented figure, beige background, leader-line labels/callouts."
